期數,月付金額,本金,利息,剩餘本金
1,13447,11905,1542,988095
2,13428,11905,1523,976190
3,13410,11905,1505,964285
4,13392,11905,1487,952380
5,13373,11905,1468,940475
6,13355,11905,1450,928570
7,13337,11905,1432,916665
8,13318,11905,1413,904760
9,13300,11905,1395,892855
10,13281,11905,1376,880950
11,13263,11905,1358,869045
12,13245,11905,1340,857140
13,13226,11905,1321,845235
14,13208,11905,1303,833330
15,13190,11905,1285,821425
16,13171,11905,1266,809520
17,13153,11905,1248,797615
18,13135,11905,1230,785710
19,13116,11905,1211,773805
20,13098,11905,1193,761900
21,13080,11905,1175,749995
22,13061,11905,1156,738090
23,13043,11905,1138,726185
24,13025,11905,1120,714280
25,13006,11905,1101,702375
26,12988,11905,1083,690470
27,12969,11905,1064,678565
28,12951,11905,1046,666660
29,12933,11905,1028,654755
30,12914,11905,1009,642850
31,12896,11905,991,630945
32,12878,11905,973,619040
33,12859,11905,954,607135
34,12841,11905,936,595230
35,12823,11905,918,583325
36,12804,11905,899,571420
37,12786,11905,881,559515
38,12768,11905,863,547610
39,12749,11905,844,535705
40,12731,11905,826,523800
41,12713,11905,808,511895
42,12694,11905,789,499990
43,12676,11905,771,488085
44,12657,11905,752,476180
45,12639,11905,734,464275
46,12621,11905,716,452370
47,12602,11905,697,440465
48,12584,11905,679,428560
49,12566,11905,661,416655
50,12547,11905,642,404750
51,12529,11905,624,392845
52,12511,11905,606,380940
53,12492,11905,587,369035
54,12474,11905,569,357130
55,12456,11905,551,345225
56,12437,11905,532,333320
57,12419,11905,514,321415
58,12401,11905,496,309510
59,12382,11905,477,297605
60,12364,11905,459,285700
61,12345,11905,440,273795
62,12327,11905,422,261890
63,12309,11905,404,249985
64,12290,11905,385,238080
65,12272,11905,367,226175
66,12254,11905,349,214270
67,12235,11905,330,202365
68,12217,11905,312,190460
69,12199,11905,294,178555
70,12180,11905,275,166650
71,12162,11905,257,154745
72,12144,11905,239,142840
73,12125,11905,220,130935
74,12107,11905,202,119030
75,12089,11905,184,107125
76,12070,11905,165,95220
77,12052,11905,147,83315
78,12033,11905,128,71410
79,12015,11905,110,59505
80,11997,11905,92,47600
81,11978,11905,73,35695
82,11960,11905,55,23790
83,11942,11905,37,11885
84,11903,11885,18,0